,temperature_mean,max_temperature_mean,min_temperature_mean,precipitation_mean,rain_mean,snow_mean,precipitation_hours_mean,wind_speed_mean,wind_gusts_mean,shortwave_radiation_mean
1/1,4.9959086162682915,7.338439041463413,2.537219504878049,2.9414632902439024,2.939024256097561,0.01024390243902439,4.317073170731708,23.65935713170732,47.221462609756095,2.080975609756097
2/1,4.8678312534999995,7.2467374925,2.4267375,1.83499997125,1.83499997125,0.0,3.225,24.447642350000002,49.022998574999995,2.5495
3/1,4.44074799925,7.005487485000001,1.8954874924999998,2.30000000875,2.29750000375,0.00525,3.75,25.494042750000002,50.40899865,2.27325
4/1,4.63892497075,7.099237499999999,1.8929874930000001,2.0025,1.9800000049999997,0.02800000025,3.075,25.071737125,49.78799875,2.3222499999999995
5/1,5.0986125445,7.592987489999999,2.3329875,2.32250003125,2.202500021,0.08925000074999999,4.1,23.668556975,46.39499895,2.18475
6/1,4.82017512825,7.296737482500001,1.9404875000000001,2.5149999949999997,2.08500002,0.30274999849999995,4.175,22.97730655,45.530999574999996,2.517
7/1,4.3742895090000005,6.7479874925,1.8104874924999996,1.2150000109999999,1.025000016,0.14000001525,2.4,23.6309598875,46.8269992,2.66925
8/1,4.6548105475,7.11798749,1.9604875,2.2575000634999998,1.7999999959999997,0.32725002999999997,4.775,23.336901900000004,46.898999175,2.3962499999999998
9/1,5.00111240075,7.374237482499998,2.3517374999999996,1.735000022,1.585000037,0.1155000025,3.35,23.8624999375,46.59299895,2.4645
10/1,4.9926228335625,7.4004874925,2.29173750025,1.4600000025,1.3974999925,0.052500004999999995,3.475,23.951161425,47.68199882500001,2.4170000000000003
11/1,4.484914509,6.9592375175,1.8267375000000001,1.2600000175,1.2325000175,0.028000000000000004,2.55,23.3203082125,46.979999,2.6777500000000005
12/1,4.46684164025,6.7917374925,1.75798749,2.0075000125000004,1.829999985,0.13475,3.55,24.9320611875,49.4909989,2.4932499999999997
13/1,4.68699792675,7.2604875075,2.0717374925,1.5575000200000002,1.3650000299999998,0.16275001799999997,3.775,25.389402525,49.094998525,2.8910000000000005
14/1,3.871633428,6.4467375250000005,1.3667375,1.2775000325,1.01750003,0.19250000775,3.075,23.8699226875,47.5379991,3.14725
15/1,4.806477191425,7.204237524999999,2.0217375,2.0200000562500002,2.000000055,0.03150000000000001,3.225,24.846249160000003,48.455998425,2.6414999999999997
16/1,4.38684177525,6.889237485,1.8879875000000002,1.1300000197500002,1.09000001975,0.0367500015,2.3,22.951620674999997,44.2889989625,2.8335
17/1,3.9945499665,6.6879875,1.0779875,1.6675000124999997,1.6125000100000002,0.04025000525,3.075,22.549882675,44.8919985,3.09375
18/1,4.087779121999999,6.7767374925,1.1617375,1.7549999825,1.6300000075,0.1120000125,3.35,23.092130199999996,45.278998324999996,2.9910000000000005
19/1,4.7804876075,7.175487479999999,2.2229875,1.41999998375,1.40249998225,0.029750000499999995,2.8,22.380078315000002,44.666999225,2.838
20/1,4.451320792,6.9329874925,1.9779875,0.937500025,0.7675000200000001,0.1260000025,2.75,21.764269962500002,42.3899989,2.8270000000000004
21/1,4.46652907925,7.002987500000001,1.9104875,1.8125000012499999,1.73499999625,0.06124999925,2.725,23.088879362500002,45.854998675000004,2.964
22/1,4.3672583415,7.055487492500001,1.7242374902499997,2.47749999,2.18999993,0.203,4.35,22.5004419,44.540998887499995,3.1102499999999997
23/1,4.4378314004999995,6.995487525,1.5079875,2.1349999635,2.052499986,0.07350000274999999,3.875,23.273801715,46.6019997625,2.9465000000000003
24/1,4.164497997500001,7.1067374999999995,1.08923749,1.3124999924999998,1.25749999,0.0455000025,2.575,21.863685359999998,42.54299905,3.5564999999999998
25/1,4.3899146165,7.292987525000001,1.4892375000000002,1.52249998875,1.5124999899999998,0.00875,3.175,23.426893512499998,46.6829987,3.3512499999999994
26/1,4.1014771955,6.8317375175,1.1992375,2.3250000145,2.1825000369999996,0.09975,4.325,23.0503743375,46.0349987875,3.50875
27/1,4.24981040925,7.2054874925000005,1.3854875,1.4475000175,1.4375000175000001,0.007000000000000001,3.175,22.873935875,44.594999425,3.3
28/1,4.5577270507500005,7.237987524999999,1.7067375000000002,1.1050000087499998,1.02750001125,0.05425,3.175,24.773861375,48.38399855,3.60325
29/1,4.88918538525,7.3567374999999995,2.0529875,1.8500000325000001,1.7500000125,0.06999999999999999,3.75,22.55504315,44.5139993,3.0625
30/1,4.189966642,6.694237490000001,1.8204875,1.00249998825,0.96999998875,0.0227500005,2.85,21.5971117,42.488998949999996,3.8822500000000004
31/1,4.310956339500001,7.0517375,1.5329875000000002,1.8875000585000001,1.715000031,0.1207500075,3.25,23.977729349999997,47.663998899999996,3.3510000000000004
1/2,4.490070831125,6.959237525000001,2.0467375,2.2475000824999998,1.8750000329999998,0.26949998525,3.925,23.5324745,46.997999575,3.71725
2/2,4.31788332725,6.9317375,1.4217375,1.15250004125,0.950000016,0.1469999875,2.9,22.867573725,45.35999895,4.4285
3/2,4.40241458825,7.4392375,1.32298749,1.9174999200000002,1.8749999225,0.0350000075,2.9,22.6253215925,44.2529992,4.108
4/2,5.315070809,8.08548749,2.297987500075,1.7824999635,1.6824999559999998,0.0735000005,3.225,24.635059375000004,47.987999175000006,4.0055
5/2,5.413404212500001,8.0929874925,2.9504875,1.6475000174999999,1.3325000030999998,0.23100000774999999,3.2,23.476144575,47.150998425,4.321
6/2,5.506997997975001,7.96673749,2.9092374899999998,2.31750006125,2.01250005875,0.22749998749999997,5.2,24.857650895,48.545998475,4.16675
7/2,4.7081437694999995,7.5217375,1.6542374925,1.6049999700000002,1.46249997,0.120750007,3.35,24.85393307,49.68899946250001,4.5515
8/2,4.34918541925,7.3467374925,1.2379874999999998,2.05000004475,1.6675000675,0.27999999,4.05,24.920843925,49.454998375,4.683999999999999
9/2,4.06751877975,6.780487500000001,1.3017374927499998,1.800000072,1.6100000495,0.15400000275,3.5,23.534904325000003,46.214999225,4.806749999999999
10/2,3.8824667427499997,6.952987525,0.7454875000000001,2.14000001375,1.912500013,0.17325000399999996,4.3,22.9782985875,45.4139992875,4.76275
11/2,4.296633338,7.372987499999999,1.6992375,1.8150000112500002,1.6325000395,0.13125000025,4.075,21.6451318625,43.163998925,4.88875
12/2,4.51428963825,7.419237514999999,1.5004875,2.05250005625,1.93250005625,0.08750000025,3.8,22.13528445,45.242998899999996,4.76425
13/2,3.9223624883749997,6.76673749,0.8979874999999999,1.3825000087500001,1.33750001125,0.04200000025,4.025,23.0735674625,45.278998975,5.23575
14/2,3.6474145251249994,6.942987499999999,0.3354875,1.4124999900000001,1.4024999900000001,0.029750000000000006,3.075,21.444978595,42.0209992375,5.35775
15/2,4.33783124885,7.5717375,1.0804875004999999,0.9125000024999999,0.8575000024999999,0.049000005,1.975,22.623087275,44.171999025,6.14225
16/2,4.064758240000001,7.1454875,1.3342374925000002,0.7799999925,0.7799999925,0.0,1.525,19.385180400000003,39.104998975,6.14025
17/2,4.363820896,7.717987525,1.2179874925000003,0.89249998375,0.8249999899999999,0.052500002000000004,2.175,19.2324353125,38.303999175,6.0445
18/2,4.437674927600001,7.755487525000001,1.4392375000000002,0.7974999925,0.7824999925,0.0227499995,2.425,20.150734415,40.535999125,6.22925
19/2,4.3306958420249995,7.3442375,1.3342375,1.097500015,1.0725000125000002,0.01750000125,2.575,22.2689304,44.207999325,5.84425
20/2,4.493925073000001,7.392987525,1.5304875175,0.5650000050000001,0.5425000025,0.01925,1.625,21.853307087500003,43.6679988,6.0165
21/2,4.7016332825,7.862987524999999,1.7579875,0.8474999925000001,0.7974999925,0.04025,2.675,22.0217263125,43.74899945,6.705
22/2,4.6469978562500005,7.5979875,1.7354874905,1.8374999735,1.5475000134999999,0.220500002,4.425,23.545862275,46.6739986,5.29525
23/2,4.9464249142500005,7.955487500000001,2.1542375,0.71999998375,0.68499998425,0.033250000749999994,2.425,23.33437885,47.096998775,6.45925
24/2,5.0347064146500005,8.070487499999999,2.2392374999999998,1.4299999625,1.3974999675,0.027999999249999998,3.0,20.9932942325,42.03899955000001,6.06675
25/2,4.662935486375,7.7942374999999995,1.647987493,1.5000000175000001,1.455000015,0.0314999995,3.4,21.07460401,42.254998525,6.539750000000001
26/2,5.141581235249999,8.4942375,1.7554875000000003,1.5849999599999998,1.549999955,0.026250000000000002,3.45,24.4143461,48.62699884999999,6.991
27/2,5.234445808399999,8.4604875,2.0904875,1.5799999685,1.5449999675000001,0.0245,3.125,23.2450974575,46.3229994,6.82975
28/2,5.17121672735,8.0942375,2.50798749,1.9374999809999998,1.80000000975,0.09800000700000001,4.225,24.7559975675,49.382998674999996,6.5735
29/2,5.06729163,8.645,1.7499999999999996,1.3600000099999998,1.33000001,0.021000000999999997,2.6,21.16747445,41.9759978,7.299000000000001
1/3,5.156424989875001,8.154237500075,2.1229875,1.4550000125,1.1825000225,0.1995000065,4.425,24.06227796,48.89699937499999,7.0815
2/3,4.79038329525,8.035487499999999,1.3892375000000001,2.0125000272499998,1.63249998125,0.26599999,4.45,26.059108025,51.065997975,7.8655
3/3,4.9127270179249996,8.097987525,1.6804875250000002,1.7425000112500002,1.6600000062500002,0.0595,4.5,25.3007914,51.776999124999996,7.597999999999999
4/3,4.6434041100000005,8.281737525,0.8117374925,1.56499997,1.44999997,0.08925000250000001,3.45,21.819124625,44.783999300000005,7.555750000000001
5/3,5.2879353775,9.1829875,1.4517374925,0.9599999825000001,0.95499998,0.0035000000000000005,2.35,21.2189437,42.749998825,8.099
6/3,6.2415811175,9.7067375,2.9529875,1.3475000162500002,1.31000001125,0.02625000025,3.425,21.61545635,43.604999025,7.90325
7/3,6.41303957425,9.555487525,3.4204875,2.04000002625,1.88750002575,0.11199999249999999,4.35,23.27027195,45.647999074999994,7.4125
8/3,6.582154128499999,9.8704875,3.2817374999999998,1.3599999749999998,1.3324999725,0.0227499995,3.125,21.8554687375,43.8389989,7.66775
9/3,6.7368935925,9.97798755,3.3754874927499996,1.219999976,1.219999976,0.0,2.625,22.340622474999996,45.710998575000005,8.440000000000001
10/3,6.834810530000001,10.336737525,3.2879875,1.7724999112500002,1.7724999112500002,0.0035000000000000005,3.725,24.07785809,47.987999075,7.7612499999999995
11/3,6.542154163499999,10.212987524999999,2.89048749,0.6450000062499999,0.62750000625,0.02800000025,1.875,20.8951692125,42.092999199999994,8.983500000000001
12/3,6.548143810499999,10.2092375,3.0292375,1.4250000374999998,1.3500000799999998,0.059500002499999996,3.8,21.096812817500002,42.9299993,8.99875
13/3,6.3986645707499985,9.886737525000001,3.06423749,0.8900000185,0.8900000185,0.0017500000000000003,2.5,20.7408059475,41.9219995,9.3155
14/3,6.5456438225,10.389237525000002,2.799237485,1.18000001875,1.16500001875,0.0105000005,2.8,21.999797219999998,44.531999225,9.6195
15/3,7.276216865,10.955487524999999,3.6417374899999997,1.55000000375,1.53250000375,0.014000000000000002,3.2,21.5619068425,43.586999375,9.1565
16/3,7.180435435,10.5467375,4.0517374825,1.8425000362500001,1.8000000387500001,0.0315000025,3.8,21.299748062499997,43.109999025,9.312000000000001
17/3,6.974602067499999,10.5917374925,3.6804874999999995,1.51250002125,1.36250003375,0.10500002,4.45,20.3050778,41.174999400000004,9.544
18/3,6.659237420625,10.240487499999999,3.026737525,1.6399999310000002,1.5174999560000002,0.0875000075,4.45,23.2596822625,46.412999225,9.589
19/3,6.42486260525,10.114237524999998,2.9729875,0.88500001725,0.8825000172500002,0.0017500000000000003,2.6,21.5005224075,43.46099895,9.82225
20/3,6.59897707325,10.164237515,3.0717374925,1.3725000012500002,1.17500000125,0.13999999999999999,2.9,22.38728575,44.8199992,9.183499999999999
21/3,6.666424974999998,10.134237500000001,3.1054874900000002,1.2125000199999998,1.1649999924999999,0.043750002,3.325,21.837334565,44.828998825,10.02275
22/3,6.8232479675,10.4917375,3.0217375000000004,1.467499986,1.4100000025,0.0420000005,4.05,21.5176509125,43.6499991875,10.076
23/3,7.11439375,10.970487499999999,3.1304875,1.802499967,1.6524999645,0.1119999975,4.5,22.2226203,46.286998825,10.173
24/3,7.2297064016,10.6867375,3.9254874900000005,1.9775000249999999,1.9750000499999998,0.02275,4.25,22.896077825,46.844998475,10.347249999999999
25/3,7.1071543342500005,10.8342375,3.3217375000000002,1.6474999484999997,1.6474999484999997,0.0,4.175,21.2803026825,43.397999049999996,11.090250000000001
26/3,7.032779132499999,10.699237525000001,3.4517374925,1.6874999737499998,1.6874999737499998,0.0017500000000000003,4.2,21.873386149999998,44.9009997,10.97775
27/3,7.2407479100000005,11.292987525000001,3.2704874824999997,1.2924999849999999,1.2924999849999999,0.0,3.325,21.4728173,44.918999187500006,12.0795
28/3,7.280018807499999,11.4342375,3.2117375000000004,1.9875000374999998,1.9375000375,0.03675,4.225,22.680677099999997,47.2139988375,11.138750000000002
29/3,7.51231048775,11.437987525,3.5192375,1.9799999462499998,1.9774999537499998,0.0017500000000000003,4.95,20.93029225,43.136999037500004,11.354750000000001
30/3,7.9609042425,11.9579875,3.8242375,2.1350000225,2.1275000225,0.005250000249999999,4.6,21.1723670875,42.569998874999996,11.3425
31/3,8.166216780000001,11.8717375,4.4254875,1.3025,1.3025,0.0,3.15,20.834915849999998,42.587999275,11.44225
1/4,8.219237575,12.179237517499999,4.2267375000000005,2.11250004,2.09750004,0.0105,3.55,22.97990055,46.691998775,12.55825
2/4,8.40663349,12.417987525,4.6242374900000005,1.90749998,1.90749998,0.0,4.225,20.560755387500002,43.34399955,13.003
3/4,7.741268895,11.695487525,3.6979875,1.7799999025000002,1.7574999009999999,0.017499999999999998,4.225,21.0385380125,42.857998525,12.5965
4/4,7.457727005,11.0642375,3.8692374850000006,2.1924999625,2.0449999450000003,0.10675000175,4.95,23.1680452,47.087999275,12.41175
5/4,7.5789771475,11.566737524999999,3.71798749,1.3749999962500001,1.30500004625,0.049,2.925,21.592255482499997,44.57699905,13.257
6/4,7.753352169999999,11.542987499999999,4.06673748,1.2274999975,1.1599999975,0.04725,3.8,22.515477249999996,45.224998925,12.524750000000001
7/4,7.760904182500001,11.7929875,3.8804874999999996,1.94500003375,1.93750003625,0.00525,4.375,20.402159275,42.425999000000004,12.74075
8/4,7.911945917500001,12.127987525,3.6579875,1.1750000475,1.1750000475,0.0,3.125,18.7624197575,39.788999149999995,14.19125
9/4,7.977570804999999,12.186737500000001,3.4904874899999996,1.9175000175,1.9050000125,0.00875000025,4.55,17.500064015,36.062999274999996,13.6655
10/4,8.5013209175,12.6992375,4.1217374925,1.2274999935,1.2000000035,0.01925,3.525,20.3085228,41.381999525000005,15.125
11/4,8.452310452499999,12.3279875,4.5267375,1.8999999175,1.8999999175,0.0,4.075,19.986096925,41.7149988875,12.922
12/4,8.0889250425,12.2054875,3.84173749,1.4674999862499998,1.43750001125,0.02100000075,3.825,19.1250287625,39.725999224999995,14.4695
13/4,7.922414474999999,12.0479875,3.6367374999999997,1.21250001,1.21250001,0.0,3.15,19.2053322875,40.958998725,14.963
14/4,8.488612674999999,12.7329875,4.3429874825,1.0149999675,0.9850000025,0.020999999999999998,2.8,18.8228493375,38.600999075,14.388750000000002
15/4,8.7868417225,13.336737525,4.0979874899999995,1.7399999147499998,1.6399999647499997,0.06999999999999999,3.925,18.9641087625,39.203999175,15.320250000000001
16/4,9.0432480125,13.39923755,4.471737500000001,1.0574999975000001,1.0574999975000001,0.0,3.05,18.383843725000002,37.655998999999994,15.316000000000003
17/4,8.9481958875,13.0029875,4.6342375,1.08499999,1.08499999,0.0,3.175,19.8962275125,40.499999275,15.105250000000002
18/4,8.880487625,12.921737525000001,4.650487525,1.8974999775,1.8774999774999999,0.014000000000000002,4.3,21.589828675,43.775999275000004,15.23475
19/4,8.86772717,13.029237525,4.7117375,1.23500002,1.2325000300000002,0.0017500000000000003,3.85,18.72542225,38.33099935,15.299000000000001
20/4,9.1152271625,13.4279875,4.4829875,1.767500055,1.767500055,0.0,3.8,19.892753775,41.777999324999996,15.777249999999999
21/4,9.8829874075,14.692987499999997,4.786737499999999,0.82000002125,0.82000002125,0.0,2.1,19.582181875,40.7969992,17.0
22/4,10.205591495000002,14.570487525,5.6242375000000004,1.51250003,1.51250003,0.0,3.475,18.9199695375,39.14999924999999,16.2335
23/4,10.13085218,14.3904875,5.97048748,1.54749997,1.54749997,0.0,4.275,18.0090453575,38.09699915,16.095
24/4,10.2116335275,14.575487525,5.6829875175,1.4000000335,1.3925000084999999,0.005250000249999999,3.925,19.7490502475,40.5899992,15.876999999999999
25/4,10.3433000375,14.471737525,6.259237489999999,2.94999994,2.8624999650000005,0.061250000000000006,5.625,19.50315815,40.931998875,15.477500000000001
26/4,10.04850861,14.270487500000002,5.7704874925,2.28499994375,2.10249994375,0.12775,5.45,20.5443873125,43.253999,16.546
27/4,9.8542376225,13.8654875,5.9404874825,2.1899999625,2.1899999625,0.0,5.175,20.6235480875,41.561998900000006,16.0785
28/4,9.784653985,13.8654875,5.5467374825,1.8525000225,1.8525000225,0.0,4.375,20.8475242,42.8489989,16.544500000000003
29/4,10.1422064625,14.157987549999998,6.0379875,2.0749999425,2.0749999425,0.0,4.575,20.1846215625,41.723999199999994,15.55725
30/4,10.6698103375,14.747987525,6.256737492499999,1.7100000424999997,1.7100000424999997,0.0,3.75,20.474040324999997,41.039998925,16.24275
1/5,10.9742895825,15.094237500000002,6.694237490000001,2.125000116,2.125000116,0.0,4.9,20.5204125,41.7779993,17.27675
2/5,10.581060557499999,14.702987524999998,6.2779874824999995,1.48250003375,1.48250003375,0.0,3.925,21.66015705,44.81099917499999,17.111
3/5,10.244550035,14.3029875,5.9392375,1.23749997475,1.23749997475,0.0,2.975,20.3026913375,41.37299925,16.4235
4/5,10.498977267499999,14.670487524999999,6.1917374899999995,1.1624999500000002,1.1624999500000002,0.0,2.675,20.023976850000004,41.867999499999996,17.511000000000003
5/5,10.92788354,15.219237500000002,6.111737482500001,0.7774999874999999,0.7774999874999999,0.0,2.3,19.21286705,39.25799885,17.49275
6/5,11.5381958775,15.907987499999999,7.020487489999999,0.8500000149999998,0.8500000149999998,0.0,2.1,18.9124424825,39.077999025,17.99725
7/5,11.6874145275,16.086737525,7.079237474999999,1.3650000012499999,1.3650000012499999,0.0,4.025,19.7874737375,41.822998674999994,18.3625
8/5,11.6813207675,15.784237575,7.431737517499999,1.9774999774999997,1.9774999774999997,0.0,3.95,20.66776137,43.3169989,17.310750000000002
9/5,11.592050215,15.620487500000001,7.2017374825000005,1.4749999900000001,1.4749999900000001,0.0,3.525,19.896117825,41.47199915,16.32
10/5,11.88835187,15.826737499999998,7.8117374900000005,2.079999962,2.079999962,0.0,4.625,19.5522943975,41.56199915,17.4065
11/5,11.8375187125,15.907987499999999,7.5667374825,1.0774999600000001,1.0774999600000001,0.0,3.15,21.56962785,44.486999175,18.00575
12/5,11.945799825,16.075487525,7.661737500000001,1.7599999325,1.7599999325,0.0,3.7,21.6807532125,44.801998624999996,18.3795
13/5,12.107050045,16.3667375,7.546737500000001,1.2749999124999998,1.2749999124999998,0.0,2.85,19.858867275,41.01299925,19.22725
14/5,12.0413208875,15.969237500000002,7.934237525,2.27500008375,2.27500008375,0.0,3.875,19.845425325,41.237999,17.9195
15/5,12.146893585,16.386737525,7.474237499999998,1.7425000099999999,1.7425000099999999,0.0,3.775,19.1226057,39.7979992,18.5625
16/5,12.2689768625,16.454237525000003,7.747987499999999,1.7700000734999999,1.7700000734999999,0.0,3.4,18.9688503375,38.636999474999996,17.6995
17/5,12.149497637500001,15.982987549999999,7.922987525000001,2.8949999675,2.8949999675,0.0,5.35,19.9896521,42.002998875,15.95575
18/5,12.250331370000001,16.01673755,8.386737525,1.8475000000000001,1.8424999900000003,0.0035000000000000005,3.8,19.124052975,39.464999399999996,16.3845
19/5,12.73543525,16.862987499999996,8.196737514999999,1.03499998375,1.03499998375,0.0,3.05,17.4508033,38.240999224999996,18.82375
20/5,12.881372900000002,16.694237525,8.7242375,2.3600000025,2.3600000025,0.0,4.65,17.6859910425,37.340999075,16.23775
21/5,12.9681961125,16.8104875,8.80423749,2.26999988875,2.26999988875,0.0,4.25,19.231050292499997,40.544998975000006,16.84725
22/5,12.956529487500001,16.850487499999996,8.760487525,1.692499955,1.692499955,0.0,3.575,20.007268699999997,42.011999225,18.4095
23/5,13.451581512499999,17.4829875,8.910487524999999,0.9150000199999999,0.9150000199999999,0.0,2.75,19.004131875000002,39.2939997,18.34625
24/5,13.8067897125,18.0404875,9.4167375,1.6950000047499998,1.6950000047499998,0.0,3.375,19.7853116625,41.15699909999999,18.67625
25/5,13.674810525000002,17.700487525,9.445487499999999,1.2675000519999997,1.2675000519999997,0.0,3.175,18.732255375,38.672998975,19.1085
26/5,13.5336121,17.345487525,9.3142375,3.9750000225000006,3.9750000225000006,0.0,6.35,19.838548725,40.98599915,16.9355
27/5,13.1996019125,17.001737525,9.039237525,3.210000006,3.210000006,0.0,5.1,19.688907824999998,40.130998950000006,16.97775
28/5,13.2668416625,16.909237525,9.235487525,2.37000001,2.37000001,0.0,4.05,19.412790362499997,40.17599915,17.19725
29/5,13.47298735,17.477987524999996,9.1854875,1.8499999849999997,1.8499999849999997,0.0,3.65,19.2728442,39.7799993,18.6995
30/5,13.7208004875,17.8029875,9.170487525,1.2999999660000001,1.2999999660000001,0.0,3.675,18.585359750000002,39.176998675,19.201249999999998
31/5,13.938716912500002,17.799237525000002,9.524237500000002,1.6800000385,1.6800000385,0.0,3.525,17.6021777875,36.25199945,18.3405
1/6,14.312154199999998,18.356737525,9.731737525,1.9774999985000001,1.9774999985000001,0.0,3.95,17.6142104375,36.77399917499999,17.36425
2/6,14.6959044125,18.6317375,10.5879875,2.029999955,2.029999955,0.0,3.35,19.037487199999998,38.9789993,17.79925
3/6,14.203091925,17.9892375,10.1492375,1.8549999874999998,1.8549999874999998,0.0,4.425,19.03864834,39.779998725,18.193
4/6,14.0724667375,18.2079875,9.697987524999998,1.7175000470000001,1.7175000470000001,0.0,3.575,17.9355464625,37.0079992,18.276249999999997
5/6,14.212779125,18.080487525000002,9.900487524999999,2.9024999599999997,2.9024999599999997,0.0,4.975,19.1049705625,39.248999125,17.361
6/6,14.4518936,18.387987525,10.285487499999999,2.2324999775,2.2324999775,0.0,4.6,19.6071596,41.156998725,18.11
7/6,14.817154025000002,18.81173755,10.672987500000001,2.59750004625,2.59750004625,0.0,5.275,18.469693725000003,39.041999,18.563
8/6,14.556216687500001,18.517987525000002,10.261737550000001,2.02999996475,2.02999996475,0.0,4.175,19.375197800000002,40.355999275,19.39175
9/6,14.715799624999999,18.661737499999997,10.31423755,1.02250000875,1.02250000875,0.0,3.025,18.375053995000002,38.7899991,19.7175
10/6,14.745019000000003,18.505487549999998,10.829237525,2.7025000150000005,2.7025000150000005,0.0,4.55,19.2901817375,39.644998975,18.71525
11/6,14.34751895,17.9154875,10.489237525,2.5924999499999997,2.5924999499999997,0.0,4.65,18.5686708625,38.717999075,16.740249999999996
12/6,14.6583002375,18.336737524999997,10.596737525,2.162499882,2.162499882,0.0,4.475,18.322420632500002,37.997999175000004,18.02775
13/6,15.0139248625,19.007987500000002,10.706737525,1.41249998,1.41249998,0.0,2.9,17.755568925,36.755998975,18.729999999999997
14/6,15.380018824999999,19.4042375,10.940487525,1.9875000125,1.9875000125,0.0,3.5,17.883403837499998,37.430998624999994,19.127
15/6,15.042935312500001,18.937987525,10.812987500000002,1.45750001,1.45750001,0.0,3.0,18.4879628,38.330999225,19.927249999999997
16/6,15.238196049999999,19.0154875,11.0279875,1.6725000337500002,1.6725000337500002,0.0,2.925,17.747401200000002,35.8289992875,17.9965
17/6,15.649497787500001,19.617987499999998,11.341737525,1.310000025,1.310000025,0.0,2.9,18.7682777,38.7269994,18.597749999999998
18/6,15.6671545,19.599237499999997,11.375487549999999,1.0325,1.0325,0.0,2.9,18.544816062499997,38.006999175,18.621499999999997
19/6,16.0715817625,20.099237525,11.5379875,1.4299999125,1.4299999125,0.0,2.9,19.231501774999998,39.509999175000004,19.30125
20/6,15.938039674999999,19.9379875,11.5742375,1.2850000485,1.2850000485,0.0,2.625,18.5884662,38.195999275,18.541999999999998
21/6,15.6644977625,19.462987525,11.5742375,1.13750006,1.13750006,0.0,2.675,19.98511805,41.057999425000006,19.82675
22/6,15.577675125000003,19.3504875,11.335487525,2.7100000174999996,2.7100000174999996,0.0,4.9,20.296830445,42.029999149999995,18.195249999999998
23/6,15.874446037500002,19.9054875,11.489237500000002,2.4775001025,2.4775001025,0.0,3.75,18.0595334375,38.123999325,18.71575
24/6,15.885904275000001,19.719237549999995,11.7017375,2.1225000025,2.1225000025,0.0,3.55,17.567372400000004,36.395999425,18.29525
25/6,16.234914699999997,20.184237524999997,11.9342375,1.9925000210000001,1.9925000210000001,0.0,3.175,17.4330224375,36.071999,18.19425
26/6,16.393768825000002,20.4829875,12.0692375,1.9050000319999998,1.9050000319999998,0.0,3.475,18.093942675,37.268999425000004,19.058
27/6,16.4953833,20.446737525000003,12.489237524999998,2.0499999925,2.0499999925,0.0,3.8,18.698819829999998,38.483999524999994,18.520500000000002
28/6,16.2071543625,20.1767375,11.817987550000002,1.6474999650000002,1.6474999650000002,0.0,3.475,18.740887299999997,39.050999225,19.1795
29/6,16.564914475000002,20.690487524999998,11.960487500000001,1.6324999887499998,1.6324999887499998,0.0,3.25,19.12931885,39.55499935,19.53675
30/6,16.790644012500003,20.8992375,12.2504875,1.907500036,1.907500036,0.0,3.825,18.550749175,38.04299842499999,19.406000000000002
1/7,16.652831325,20.614237499999998,12.341737525,1.6424999825,1.6424999825,0.0,4.15,20.048967775,42.074998775,19.077499999999997
2/7,16.609706075,20.5567375,12.300487525,1.54250000625,1.54250000625,0.0,3.375,17.70082235,36.278999250000005,18.57625
3/7,16.710956650000004,20.690487525,12.324237499999999,1.9149999774999997,1.9149999774999997,0.0,3.95,17.449629675,36.881999125,19.49625
4/7,17.0899668,21.260487525,12.3017375,1.5699999935,1.5699999935,0.0,3.375,18.703888424999995,38.600998875,19.826249999999998
5/7,17.3553836,21.446737525,13.117987500000002,2.7225000825,2.7225000825,0.0,4.375,18.49202065,38.150999375000005,19.3825
6/7,17.16652915,21.189237525,12.795487524999999,1.480000025,1.480000025,0.0,3.15,17.911730069999997,37.3319993125,19.119999999999997
7/7,17.092518899999998,20.974237499999997,12.8717375,2.9350000475,2.9350000475,0.0,4.25,17.3822047875,36.737999025,18.376749999999998
8/7,17.269966875,21.275487499999997,13.047987549999998,1.93750003625,1.93750003625,0.0,3.8,17.641082457499998,36.098999275,17.2935
9/7,17.072622825000003,20.996737500000002,13.104237500000002,1.8699999185000002,1.8699999185000002,0.0,3.475,19.7055189875,40.040999049999996,16.94275
10/7,17.088872625,21.1242375,12.840487525,1.01750001625,1.01750001625,0.0,3.25,19.373404825,39.896999300000004,18.86525
11/7,17.28642505,21.4379875,12.9917375,1.405,1.405,0.0,3.2,19.09330675,39.041999350000005,19.487000000000002
12/7,17.12928975,21.149237525,12.95673755,0.9324999795,0.9324999795,0.0,2.45,18.547394175,38.330999075,17.8615
13/7,17.233299762500003,21.271737525,13.020487524999998,1.89,1.89,0.0,4.15,17.74476261,37.77299967500001,17.552249999999997
14/7,17.425799675,21.1617375,13.4592375,1.667499995,1.667499995,0.0,4.15,18.486923400000002,38.285999275,16.930500000000002
15/7,17.750956425000002,21.839237500000003,13.372987500000002,0.9574999887500001,0.9574999887500001,0.0,2.725,18.168875875,37.4939993,17.8355
16/7,17.7649666,21.716737525000003,13.6842375,1.8375000535,1.8375000535,0.0,3.325,17.7427440125,36.053998975,17.4195
17/7,17.485435625,21.4829875,13.4067375,1.905000015,1.905000015,0.0,3.75,18.967292725,38.843999175,18.3825
18/7,17.5624145,21.6667375,13.384237524999998,1.1825000175,1.1825000175,0.0,2.775,18.6339717,38.393999175,18.25675
19/7,17.850696,22.227987525000003,13.286737525000001,1.694999971,1.694999971,0.0,3.15,18.736783125,38.42999927499999,18.64725
20/7,17.855383350000004,21.962987499999997,13.6579875,2.3024999535,2.3024999535,0.0,3.225,18.058097025000002,38.366999075,17.692249999999998
21/7,17.7916333,21.939237525,13.401737524999998,1.177499965,1.177499965,0.0,2.45,18.069117775000002,37.529999575,18.52825
22/7,17.818300062499997,21.875487525,13.334237525,1.6225000285,1.6225000285,0.0,2.675,17.605344205,37.187999274999996,17.9675
23/7,18.148300074999998,22.40298755,13.882987500000002,1.20000001125,1.20000001125,0.0,3.2,17.1910447375,36.584998925,18.36925
24/7,17.8827789875,21.974237499999997,13.512987500000003,1.6924999360000001,1.6924999360000001,0.0,3.125,17.733549149999998,36.593999049999994,18.915000000000003
25/7,18.153195862500002,22.5767375,13.404237499999999,1.0825000025,1.0825000025,0.0,1.8,17.786347024999998,36.656999125000006,18.5765
26/7,18.076373262500002,21.804237525,13.847987525000002,1.69499997975,1.69499997975,0.0,2.825,17.617369425,36.548998975,15.1955
27/7,18.1454877625,22.056737525,14.180487499999998,2.7699999787499996,2.7699999787499996,0.0,4.0,18.201445432499998,37.5119991375,15.78025
28/7,18.07371655,22.1229875,13.770487499999998,1.3674999799999998,1.3674999799999998,0.0,3.025,18.862463150000004,39.10499955,16.884500000000003
29/7,18.18751905,22.186737525,13.982987500000002,2.8399999925,2.8399999925,0.0,4.35,20.056109650000003,40.86899935,17.6675
30/7,17.919549962500003,21.8242375,13.8817375,1.9474999875,1.9474999875,0.0,3.575,18.5928363875,38.573999150000006,17.81525
31/7,17.922675024999997,21.932987500000003,13.756737525,2.1050000675,2.1050000675,0.0,3.575,17.166084044999998,35.999999450000004,16.3935
1/8,17.7421543125,21.865487525000002,13.129237499999999,1.42249998475,1.42249998475,0.0,3.15,17.08532841,35.46899942500001,16.92625
2/8,17.789289524999997,21.7529875,13.484237525000001,1.55000005875,1.55000005875,0.0,2.975,17.871979099999997,37.925999000000004,16.832
3/8,18.102727199999997,22.204237499999998,13.746737525,1.7099999734999998,1.7099999734999998,0.0,2.975,18.63643373,38.357998975,17.50525
4/8,17.78152925,21.695487524999997,13.651737500000001,1.91749999,1.91749999,0.0,3.525,18.533857475,38.07899935,16.816
5/8,17.870904525,21.960487524999998,13.616737525,1.3849999675000002,1.3849999675000002,0.0,3.275,17.4060595125,36.998999325,17.70375
6/8,18.023820725,22.37173755,13.4967375,2.06000001725,2.06000001725,0.0,2.775,17.69365706,36.611999175,17.16075
7/8,17.726529275,21.60798755,13.730487549999998,2.4125001149999994,2.4125001149999994,0.0,3.975,17.033339675,35.765999224999995,15.98725
8/8,17.599914599999998,21.56923755,13.385487524999998,2.23749989975,2.23749989975,0.0,2.95,16.18984806,33.677999225,16.234
9/8,17.617519074999997,21.472987525,13.759237525,3.302499975000001,3.302499975000001,0.0,4.55,18.06275032,37.37699925,15.535000000000002
10/8,17.483612450000003,21.417987500000002,13.505487525000001,2.2050000525,2.2050000525,0.0,3.95,19.588727055,39.626999075,14.993500000000001
11/8,17.355383174999996,21.407987525,13.2354875,1.31749997,1.31749997,0.0,2.5,18.385549925,37.70099954999999,15.113
12/8,17.3688727,21.182987500000003,13.6092375,1.9175000725,1.9175000725,0.0,3.475,19.3567903,40.03199895,15.691249999999997
13/8,17.0711647,21.037987575,13.067987525000001,2.880000061,2.880000061,0.0,3.9,18.901423125,39.29399925,14.8225
14/8,17.451633175,21.55798755,13.2379875,1.7924999847499996,1.7924999847499996,0.0,3.375,17.81381925,36.96299875,15.734249999999998
15/8,17.7124143625,22.000487525,13.384237500000001,1.3050000499999999,1.3050000499999999,0.0,2.125,18.44814856,38.600998825,17.305
16/8,17.12835205,21.145487550000002,12.932987524999998,1.1824999775,1.1824999775,0.0,2.55,18.1697801875,38.4029994125,16.24525
17/8,17.14293545,21.227987525,12.797987525,1.0000000024999998,1.0000000024999998,0.0,2.35,18.137569225,38.438998825,15.2595
18/8,17.322623175,21.3567375,13.1067375,1.9549999925000001,1.9549999925000001,0.0,3.925,17.4030353,37.48499875,14.7075
19/8,17.421893675,21.560487525,13.341737499999999,1.9600000525000003,1.9600000525000003,0.0,3.625,19.2898976375,40.553999175,15.6905
20/8,17.2574668375,21.186737525,13.254237524999999,1.1499999975,1.1499999975,0.0,2.625,19.217422825,39.41999905,14.942749999999998
21/8,17.334758425,21.45673755,13.040487525,0.8375000050000001,0.8375000050000001,0.0,2.15,18.11250505,37.331999350000004,15.695999999999998
22/8,17.1984563,21.099237499999997,13.192987550000002,2.38500014,2.38500014,0.0,4.125,17.719898025,36.42299955,13.379250000000003
23/8,16.9247582625,20.781737500000002,13.071737500000001,2.9974997995,2.9974997995,0.0,3.95,17.68224084,37.493999275,13.70325
24/8,16.670643899999998,20.4554875,13.006737499999996,2.75500001725,2.75500001725,0.0,4.95,19.45120645,39.986999374999996,13.011000000000001
25/8,16.71871685,20.7429875,12.711737525,3.9325000875000002,3.9325000875000002,0.0,4.275,18.5171749375,38.042998999999995,13.435749999999999
26/8,16.76512295,20.39923755,13.239237524999998,2.37500012875,2.37500012875,0.0,3.95,18.92035769,39.2759986,12.508750000000001
27/8,16.378976950000002,20.182987500000003,12.477987525,0.8474999674999999,0.8474999674999999,0.0,1.95,18.842061675,39.005999125,13.672
28/8,16.032362499999998,20.0142375,11.902987525,0.6200000099999999,0.6200000099999999,0.0,1.85,17.309616237500002,36.3599995,14.512500000000003
29/8,16.013456225,20.0029875,12.0692375,0.8975000012500001,0.8975000012500001,0.0,2.15,18.384726037500002,38.060998975000004,13.397749999999998
30/8,16.0700189,19.7804875,12.297987525,1.0275000049999998,1.0275000049999998,0.0,1.8,18.47200749,38.3849991,13.044749999999999
31/8,15.6963209,19.664237500000002,11.8142375,1.7149999762500001,1.7149999762500001,0.0,2.575,17.90212373,37.052999425,13.483
1/9,15.761737662500002,19.692987499999997,11.842987500000001,1.0350000025,1.0350000025,0.0,2.1,16.8721555625,35.783999200000004,12.67375
2/9,15.912050474999997,20.039237500000002,11.6104875,1.35999998125,1.35999998125,0.0,2.575,17.8263236625,37.817999425,12.939250000000001
3/9,15.995018775,19.939237525000003,12.069237525000002,0.7850000125,0.7850000125,0.0,2.275,19.651555055,40.319999275,13.631499999999999
4/9,15.572102150000001,19.566737525,11.472987499999999,1.21249996375,1.21249996375,0.0,2.5,18.0576865,37.412999325,13.158750000000001
5/9,15.709185537500002,19.6867375,11.6317375,1.71499994875,1.71499994875,0.0,2.775,17.6261411,36.76499945,12.36625
6/9,15.433925275000002,19.247987575000003,11.536737500000001,1.42999996,1.42999996,0.0,3.05,18.8632011675,38.672999025,12.508000000000001
7/9,15.405174975,19.6304875,11.281737525,0.8249999835,0.8249999835,0.0,1.825,18.574548175,38.168999075,12.952249999999998
8/9,15.23975845,19.107987525,11.4042375,0.8825000199999999,0.8825000199999999,0.0,2.3,17.7624444,36.998999325,11.8925
9/9,15.338560050000002,19.1542375,11.5879875,1.10249998625,1.10249998625,0.0,2.45,19.16396465,39.194998725,11.855500000000001
10/9,15.416372437499998,19.427987525,11.415487500000001,1.2549999835,1.2549999835,0.0,2.8,19.982747462499997,41.219999375,11.648500000000002
11/9,15.479602224999999,19.1654875,11.686737499999998,0.83000001,0.83000001,0.0,2.325,20.8165523875,41.3819992,11.338
12/9,15.180279175,18.88298755,11.380487525000001,1.530000015,1.530000015,0.0,2.85,21.1087785875,43.0649994,11.38575
13/9,14.433351949999999,18.2854875,10.576737525000002,1.8600000625,1.8600000625,0.0,3.1,19.217949925,39.9779994,11.7785
14/9,14.532102125,18.2254875,10.899237525,1.487500025,1.487500025,0.0,3.2,20.9671360125,42.578999274999994,10.361
15/9,14.463039525,18.269237500000003,10.8142374925,2.1224999949999996,2.1224999949999996,0.0,4.075,19.6428282025,39.482998824999996,10.221
16/9,14.356997949999998,17.8167375,10.99173749,1.8149999712500002,1.8149999712500002,0.0,3.375,20.435909062500002,40.625998949999996,10.085249999999998
17/9,14.518456675000001,18.0504875,10.999237525,0.8500000099999999,0.8500000099999999,0.0,2.2,19.544335275,39.518999199999996,10.457249999999998
18/9,14.454966325000001,18.06798755,10.86798749,1.7600000475000002,1.7600000475000002,0.0,2.925,19.600201164999998,39.842999275,10.326249999999998
19/9,14.502153949999999,17.925487500000003,11.1992375,2.67750011625,2.67750011625,0.0,4.25,19.3411912,39.860998925000004,9.49775
20/9,14.679914525000001,18.182987500000003,11.1679875,1.3700000275000002,1.3700000275000002,0.0,2.925,19.6859950375,40.2569988,9.8355
21/9,14.5454874625,18.454237499999998,10.6617375,1.1924999674999999,1.1924999674999999,0.0,2.175,20.81083039,42.938999175,10.52125
22/9,14.087258174999999,17.794237525,10.371737525,2.08500003125,2.08500003125,0.0,3.6,18.0847481625,37.73699885,9.826249999999998
23/9,13.785487312499999,17.4667375,10.281737525,2.145000005,2.145000005,0.0,3.075,20.0213435625,40.62599887500001,9.79925
24/9,13.781216825000001,17.341737525,10.2529874925,2.1800000425,2.1800000425,0.0,3.725,20.1035274475,41.336998325,9.575
25/9,13.507675375000002,17.164237500000002,9.8779875,1.88000014625,1.88000014625,0.0,3.525,16.712165962500002,34.154998899999995,9.73675
26/9,13.836425225,17.450487525,10.35548749,1.92999998625,1.92999998625,0.0,3.725,17.945692125,37.538998775,9.27925
27/9,13.915904287500002,17.395487525,10.465487525,2.1400000175000002,2.1400000175000002,0.0,3.175,18.07555872,37.84499875,8.64175
28/9,13.957675,17.6042375,10.2192375,1.3625000175,1.3625000175,0.0,2.65,19.035664865,38.744998775,9.45425
29/9,13.766112750000001,17.324237500000002,10.005487490000002,2.16749998375,2.16749998375,0.0,4.3,18.3128029,37.38599885,8.85425
30/9,13.7055393375,17.19173755,10.167987514999998,2.0024999799999996,2.0024999799999996,0.0,3.975,17.840013149999997,37.277999124999994,8.37425
1/10,13.72981015,16.932987500000003,10.5154875,1.8824999875,1.8824999875,0.0,3.8,20.5817117,40.805999,8.32225
2/10,13.172466600000002,16.612987499999996,9.749237500000001,2.18250003125,2.18250003125,0.0,3.05,19.4298071125,39.833999150000004,8.67425
3/10,12.890279412500002,16.174237525000002,9.472987499999999,1.36749996875,1.36749996875,0.0,3.525,20.8439302,41.6879988125,7.6129999999999995
4/10,12.5815814575,15.951737500000002,9.091737499999999,1.527499925,1.527499925,0.0,3.55,22.353847324999997,44.57699905,8.88875
5/10,12.414237505,15.7829875,9.134237500000001,1.97500000875,1.97500000875,0.0,3.9,21.264902799999998,42.36299877500001,7.61425
6/10,12.39329996,15.431737499999997,9.290487525,2.7899999424999997,2.7899999424999997,0.0,4.65,23.587252475000003,47.132999025,7.401999999999999
7/10,12.072153975,15.074237525000001,8.999237525000002,2.56999999375,2.56999999375,0.0,3.5,23.3865291925,46.898999100000005,6.750249999999999
8/10,12.2036124,15.381737525,8.967987525,1.3775,1.3775,0.0,2.75,20.70861464,41.6609993625,7.05625
9/10,12.521998037500001,15.620487550000002,9.466737525,2.77249987,2.77249987,0.0,3.45,21.9516683625,44.630999200000005,7.32975
10/10,12.392414607500001,15.706737525,9.1379875,1.9374999425,1.9374999425,0.0,2.3,21.2226871625,42.9209991,7.63775
11/10,12.228143812499999,15.4342375,9.107987525,2.157499966,2.157499966,0.0,4.05,21.1355060625,41.867999325,7.05325
12/10,11.928456299999999,15.255487500000001,8.72173755,1.7624999909999999,1.7624999909999999,0.0,3.125,19.26895618,38.645998999999996,6.919499999999999
13/10,11.898977225,15.351737524999999,8.7192375,2.0424999925000002,2.0424999925000002,0.0,3.05,18.746964997499997,37.8719994,7.02475
14/10,11.349601995,14.6579875,8.017987524999999,1.4324999950000001,1.4324999950000001,0.0,3.2,18.031111945,36.728999312499994,6.39175
15/10,11.13668547,14.392987499999998,7.895487525,2.472499985,2.472499985,0.0,3.75,19.12610163,39.284999525,6.41575
16/10,11.1969458875,14.389237525000002,8.1479875,1.5900000335000002,1.5900000335000002,0.0,2.875,22.735582675,45.197998925,6.505750000000001
17/10,10.9064773425,14.005487500000001,7.8254875424999994,1.20750010475,1.20750010475,0.0,2.35,21.097536150000003,42.30899915,6.947
18/10,10.947154317499999,14.031737499999997,7.892987525,1.4949999860000003,1.4949999860000003,0.0,3.25,20.4021708375,41.363998975,6.742250000000001
19/10,10.694185145,13.9592375,7.436737514999999,1.6425000075,1.6425000075,0.0,3.5,20.640708524999997,42.0929989,6.565250000000001
20/10,10.487883192500002,13.415487525,7.506737525,3.1325000800000007,3.1325000800000007,0.0,4.5,22.0161794,44.324998799999996,5.573
21/10,10.3739771275,13.427987525,7.2554874925,2.4100000035,2.4100000035,0.0,4.95,22.440166665,45.5489987,6.011750000000001
22/10,10.71048768,13.767987499999998,7.784237514999999,2.1899999887500003,2.1899999887500003,0.0,3.625,21.15181895,42.947998975,5.59725
23/10,10.544497955,13.721737524999998,7.2454875,1.345000035,1.345000035,0.0,3.175,21.3233656,43.766999325,6.26675
24/10,10.6518938875,13.704237525000002,7.372987524999999,2.6525000074999996,2.6525000074999996,0.0,4.35,22.6527732625,45.413999125,5.37425
25/10,10.48257088,13.5104875,7.3442374925,1.07749994875,1.07749994875,0.0,2.55,23.78100065,47.771998999999994,5.80175
26/10,10.42585226,13.467987500000001,7.262987492500001,1.3349999525,1.3349999525,0.0,3.15,21.962993425,44.261998812499996,5.186249999999999
27/10,10.559602107500002,13.524237489999999,7.3629875,1.5750000199999996,1.5750000199999996,0.0,3.0,22.715292299999998,46.178998775000004,5.557
28/10,10.3497582875,13.2929875,7.0754874999999995,2.1425000235,2.1400000285,0.0017500000000000003,3.55,22.8955261875,45.07199865,5.4487499999999995
29/10,9.640904469999999,12.605487499999999,6.694237492499999,1.5150000922500002,1.5125000935,0.0017500000000000003,2.725,21.8532655125,43.055999,5.53625
30/10,9.773247945,12.8304875,6.896737490000001,1.6299999975,1.6299999975,0.0,2.45,21.106132125,42.8759992,4.9895000000000005
31/10,9.951633247500002,12.97798755,7.079237492499999,1.69499991,1.69499991,0.0,2.8,19.7472460725,39.23999905,4.880249999999999
1/11,9.746060467500001,12.594237525,6.871737525,1.9774999784999998,1.9774999784999998,0.0,3.3,20.901118524999998,42.218998799999994,4.4425
2/11,9.2909046875,12.15798755,6.2267375000000005,2.33250003375,2.33250003375,0.0,3.325,20.95133927,42.1379990125,4.5017499999999995
3/11,9.0672064775,12.029237499999999,6.205487472500001,1.079999985,1.079999985,0.0,2.475,21.30039015,43.66799902499999,4.912
4/11,8.5401751375,11.426737525,5.4754874749999995,2.34999995,2.34999995,0.0,3.375,18.8777568325,37.7999993625,4.825
5/11,8.3182478225,11.207987525000002,5.2767375,1.36999999875,1.36999999875,0.0,2.65,21.319659469999998,42.866999199999995,4.4465
6/11,8.174497890000001,11.12923755,5.16548750025,1.9650000012500002,1.9650000012500002,0.0,3.05,20.1844246225,39.815999,4.2625
7/11,8.616945617499999,11.261737499999999,5.866737500000001,1.6249999849999999,1.597499995,0.01925,2.725,21.22310665,42.29999915,3.9589999999999996
8/11,8.624445914999999,11.442987500000001,5.7742375,2.7350000685,2.7325000585,0.0017500000000000003,4.9,22.8578921375,46.9349985,3.59
9/11,8.314862524999999,10.857987525,5.59173750025,2.4700000525,2.4700000525,0.0,4.475,22.339754257499997,44.540998475,3.9555000000000007
10/11,8.4323105325,11.0792375,5.3917375,2.04250004975,2.03500004975,0.005250000249999999,4.125,21.8253711075,43.118999099999996,3.9647499999999996
11/11,8.716737492499998,11.4417375,5.5704875000000005,2.2350000275,2.2350000275,0.0,3.975,22.981169925,45.980998775,3.64975
12/11,8.3179355135,10.880487525,5.4942375,2.51249996625,2.51249996625,0.0,4.275,22.194905225,44.13599885000001,3.7314999999999996
13/11,7.292570681449999,10.261737499999999,4.6217375,1.6750001224999997,1.6750001224999997,0.0,2.875,20.845920795,40.9949988,4.15175
14/11,7.3838208125,10.37798749,4.3942375,2.762500085,2.7600000899999997,0.0017500000000000003,4.425,22.163787175,42.848999000000006,3.5069999999999992
15/11,7.5483520325,10.281737525,4.837987525,1.0325000012499999,1.0325000012499999,0.0,2.0,18.7136941925,36.467999299999995,3.562
16/11,7.587362495000001,10.007987500000002,4.7592374925000005,1.5075000575000002,1.5075000575000002,0.0,3.25,19.242531947499998,37.196999,3.2395000000000005
17/11,7.002414450000001,9.597987499999999,4.5354874899999995,1.7999999625,1.7999999625,0.0,3.775,21.5628373125,41.73299865,3.2155
18/11,6.995383486,9.526737489999999,4.3267374924999995,2.05749998375,2.0349999812500004,0.01575,3.35,21.946234275000002,43.172998725,3.2642499999999997
19/11,6.4599666485,9.029237489999998,3.5854875,2.247500011,2.070000011,0.13474999999999998,3.55,21.4372862375,42.0479992,3.3155
20/11,6.5508520725,8.88923748,3.9854875,2.0999999750000002,2.0749999674999997,0.019250000500000003,4.2,22.771037825,44.7929989,2.94475
21/11,6.2546020375,8.7779875075,3.6479874999999993,2.2575000110000003,2.247500011,0.010500000249999999,4.05,22.37675055,43.68599855,2.8135
22/11,6.79298756725,9.261737489999998,4.317987499999999,1.759999975,1.759999975,0.0,3.775,20.870060362500002,41.696998725,2.945
23/11,6.19340420375,8.957987499999998,3.3304875000000003,3.167500105,3.1100001025,0.04025000250000001,3.725,21.4820408,42.7859988125,3.0244999999999997
24/11,6.491945795000001,9.162987525,3.4604874905000003,1.7349999744999998,1.7274999659999999,0.00525,3.025,22.35529875,43.33499905,2.7305
25/11,6.829081329249999,9.177987515000002,4.3904875,2.0224999675,2.0224999675,0.0,3.575,23.1195834625,46.0169995375,2.95575
26/11,6.1783520575,8.6829875,3.6579874999999995,1.6900000800000001,1.6900000800000001,0.0,3.025,21.292736124999998,42.092998675000004,3.00225
27/11,6.2652791575,8.945487525,3.5017375,1.872499985,1.8699999849999998,0.0017500000000000003,3.95,21.597542627499998,41.651999,2.6427500000000004
28/11,6.0087166105000005,8.5704875,3.4804874900000002,1.2800000025,1.2800000025,0.0,2.85,20.8468331175,40.472998862500006,2.992
29/11,5.8479354335,8.4567375,3.1517375000000003,2.224999995,2.224999995,0.0,3.65,21.263878424999998,41.4719989,2.8579999999999997
30/11,5.9441855185,8.655487500000001,2.8392374900000004,1.459999975,1.3774999649999997,0.06475,3.2,20.722860474999997,40.3289992375,2.74125
1/12,5.97772715985,8.412987525,3.5554874925,1.37000001475,1.30000000975,0.06825,3.2,21.41228995,40.895999274999994,2.37
2/12,5.8638208265000005,8.114237489999999,3.6417375,1.5174999884999998,1.3375000035,0.13474999999999998,3.675,20.514077549999996,40.44599925,2.6424999999999996
3/12,5.8289249629999995,8.275487515,3.37923749,1.33249997375,1.33249997375,0.0,2.75,23.190878107499998,45.71999855,2.43975
4/12,5.719602117499999,8.292987489999998,3.1017375,1.2124999610000002,1.1949999685,0.01225,2.9,22.5409673,44.432999075,2.59225
5/12,5.748195749,8.367987500000002,3.10173749,2.2099999725000004,2.11999997,0.06649999749999999,3.8,22.709500662499998,44.78399937499999,2.6495
6/12,5.2725708908,7.680487500000001,2.6217374999999996,1.4025000284999998,1.3150000339999999,0.0735000125,2.8,21.87586495,42.77699885,2.6077500000000002
7/12,5.31189371425,8.067987550000002,2.4729875,1.7400000499999997,1.7075000499999997,0.028000000000000004,2.825,22.736697550000002,45.3869993,2.5315
8/12,5.376841756325,7.9617375,2.6504874999999997,2.52499999,2.31249999,0.1487499975,4.1,23.354378562500003,46.097998825000005,2.25075
9/12,4.73288324715,7.377987500000001,2.12923750025,1.2999999825000002,1.2474999925000003,0.04025,2.225,21.600339787499998,42.290999175,2.9059999999999997
10/12,4.46204990975,7.055487500000001,1.5242375000000001,1.8475000099999999,1.5325000100000001,0.22049995,2.825,21.44061535,41.903999075,2.5065
11/12,4.55340424475,7.120487525,1.8692374999999999,1.7050000624999995,1.37250004,0.24149999025,3.025,20.068066675,38.348999500000005,2.30975
12/12,4.6966332755,7.590487515000001,1.5604875002499998,1.9350000100000002,1.920000015,0.010499999999999999,3.775,22.153802000000002,43.505999075,2.187
13/12,5.242049983075,7.8792374899999995,2.3342375,2.5524999375,2.2874999325,0.18549999,3.825,23.5114171125,46.403998725,2.12925
14/12,4.97736261175,7.3067374925,2.6129875,1.3200000285,1.3125000385,0.005250000249999999,2.2,23.054909125000002,44.729999275,2.53475
15/12,5.239706276,7.5567375,2.8354874925,1.87500005875,1.87500005875,0.0,3.45,22.940590775,44.945999074999996,2.088
16/12,4.9734040977500005,7.36673749,2.50173749,1.95000008,1.8725000725,0.061249999750000006,3.95,20.6496516375,41.084998975,2.1945
17/12,4.980174987500001,7.431737525,2.4804874900000002,2.21749995375,2.13999995625,0.063,4.35,22.020297900000003,42.344998987500006,2.05075
18/12,5.15413326875,7.445487499999999,2.6979874925000003,2.5375000775,2.3150000875,0.1714999975,3.8,23.069805824999996,46.709999125,2.15775
19/12,4.8433000562499995,7.217987525000001,2.0854875175000003,1.8925000775,1.8775000775000001,0.010499999999999999,3.925,22.7183864625,44.972999325,2.302
20/12,4.86314381225,7.109237500000001,2.4042374725,2.8699999499999995,2.57999994485,0.21175000500000002,4.6,23.367420700000004,46.115999024999994,2.1277500000000003
21/12,5.551321004499999,7.589237525,3.4629874924999995,1.59250002125,1.3724999965,0.15575000275,3.425,22.970579975,43.748998825,1.8770000000000002
22/12,5.794133360999999,7.935487524999999,3.2567374924999997,2.29499998125,2.27749998125,0.0192499995,3.225,23.0672290875,44.252998874999996,2.22525
23/12,5.813664579,8.237987525,3.35923751,1.7724999975,1.7724999975,0.0017500000000000003,2.85,23.8684528,46.511999025,2.091
24/12,6.143925154250001,8.2379874925,3.6842374999999996,2.7750000712499996,2.7700000709999997,0.00525,4.25,26.0257731375,51.146998374999995,2.02875
25/12,5.5325708495,7.851737500000001,2.8954875,1.7950000975000002,1.78250009675,0.008749999999999999,3.175,23.185986800000002,45.3779989,2.085
26/12,4.8779354150000005,7.3404874925,2.4067374999999998,1.972500025,1.967500025,0.0035000000000000005,3.0,24.606020949999998,48.824999274999996,2.3225
27/12,4.68236245825,6.991737492499999,2.2317375000000004,1.02500002,0.9075000175,0.08225000025,2.225,23.9793840325,46.088998925000006,2.274
28/12,4.444393711250001,6.832987525,1.8254875,1.05999997,0.9324999762499999,0.09099999750000001,1.975,21.38883351,42.32699945,2.4725
29/12,4.31517499975,6.880487550000001,1.8354875000000004,1.9600000299999998,1.91250002,0.036749999500000005,3.775,21.201973955,42.794999524999994,2.247
30/12,5.1280396105,7.4942375,2.8292374899999997,2.3225000225,2.2375000037499997,0.06300000025,4.275,22.883215817499998,44.75699899999999,2.03125
31/12,5.18579999025,7.286737499999999,2.8742374925,0.9500000125,0.9100000025,0.02800000025,2.575,22.506410449999997,43.3259993,2.077
